Date,AAPL
2015-01-05,
2015-01-06,
2015-01-07,
2015-01-08,
2015-01-09,
2015-01-12,
2015-01-13,
2015-01-14,
2015-01-15,
2015-01-16,
2015-01-20,
2015-01-21,
2015-01-22,
2015-01-23,
2015-01-26,
2015-01-27,
2015-01-28,
2015-01-29,
2015-01-30,
2015-02-02,
2015-02-03,0.3687400818431844
2015-02-04,0.34954872313016805
2015-02-05,0.3489346066100039
2015-02-06,0.35124911368934436
2015-02-09,0.32990042693673205
2015-02-10,0.3340943458589163
2015-02-11,0.32260442359916847
2015-02-12,0.32317933725621345
2015-02-13,0.32092515196191823
2015-02-17,0.29557120895891764
2015-02-18,0.2894186589844995
2015-02-19,0.28593912644333797
2015-02-20,0.2859290517292532
2015-02-23,0.2867373793452478
2015-02-24,0.2910422274900536
2015-02-25,0.31268547247547807
2015-02-26,0.2740053582663392
2015-02-27,0.22480516419951058
2015-03-02,0.20447469848626423
2015-03-03,0.19295732915871924
2015-03-04,0.19471692002551588
2015-03-05,0.20719651837404426
2015-03-06,0.2066548626089633
2015-03-09,0.20616868311955883
2015-03-10,0.2186258460813462
2015-03-11,0.22909579427649515
2015-03-12,0.227998031007262
2015-03-13,0.21425189619793095
2015-03-16,0.21305902356354953
2015-03-17,0.2206293755361113
2015-03-18,0.22317559385697508
2015-03-19,0.2234054252402462
2015-03-20,0.22732950198105586
2015-03-23,0.22857412213219602
2015-03-24,0.20514242087518275
2015-03-25,0.22099246371969575
2015-03-26,0.20780078884769265
2015-03-27,0.20214056623824175
2015-03-30,0.21855815899832795
2015-03-31,0.2232385612215656
2015-04-01,0.22282644001699886
2015-04-02,0.22501694538920378
2015-04-06,0.22528288135525848
2015-04-07,0.2284033656287421
2015-04-08,0.22806766932730863
2015-04-09,0.21730591074578381
2015-04-10,0.2060772214298625
2015-04-13,0.1978290751567705
2015-04-14,0.19673251733035713
2015-04-15,0.1937255806924132
2015-04-16,0.185559303192113
2015-04-17,0.18433387737754528
2015-04-20,0.2007596775499431
2015-04-21,0.19656452697009794
2015-04-22,0.19879703344536637
2015-04-23,0.19968518217026723
2015-04-24,0.17338602291536295
2015-04-27,0.1810943157403584
2015-04-28,0.1889757674274016
2015-04-29,0.1795556316490812
2015-04-30,0.1968026896357219
2015-05-01,0.22234064141963983
2015-05-04,0.2213070338019262
2015-05-05,0.2291200317259559
2015-05-06,0.2272419798216849
2015-05-07,0.22803761547223833
2015-05-08,0.23582903626155777
2015-05-11,0.2383764596922949
2015-05-12,0.23860727931427086
2015-05-13,0.23812401915732048
2015-05-14,0.25110659241980005
2015-05-15,0.25036655280083203
2015-05-18,0.24818956913414736
2015-05-19,0.23685628548714618
2015-05-20,0.2356944783991862
2015-05-21,0.23387186603090543
2015-05-22,0.23409794409199455
2015-05-26,0.24721691836916057
2015-05-27,0.24766403607193088
2015-05-28,0.24106310540616102
2015-05-29,0.23864099266589395
2015-06-01,0.21575247771548944
2015-06-02,0.1909679970046005
2015-06-03,0.1907444373445832
2015-06-04,0.1729634668817598
2015-06-05,0.17253113978223444
2015-06-08,0.17395374639826677
2015-06-09,0.16177171139962146
2015-06-10,0.16201709762096345
2015-06-11,0.16161429245517744
2015-06-12,0.1669688503634479
2015-06-15,0.1449008387707708
2015-06-16,0.14638243315908872
2015-06-17,0.1404461195997181
2015-06-18,0.1417753793574337
2015-06-19,0.14529485194963887
2015-06-22,0.14325340039886175
2015-06-23,0.13877329309619366
2015-06-24,0.122555409763866
2015-06-25,0.10134707597476426
2015-06-26,0.10240571680757597
2015-06-29,0.11141800205208632
2015-06-30,0.11526248474531843
2015-07-01,0.12111831144736028
2015-07-02,0.12079026115133856
2015-07-06,0.11995516864037536
2015-07-07,0.11905442323117549
2015-07-08,0.14384908507905977
2015-07-09,0.15743379798016865
2015-07-10,0.1818412512233457
2015-07-13,0.19630030573552792
2015-07-14,0.1928885448180347
2015-07-15,0.1959513774028368
2015-07-16,0.20056842703533057
2015-07-17,0.20226422892694845
2015-07-20,0.21139605938017902
2015-07-21,0.21138556716873025
2015-07-22,0.25876453774015434
2015-07-23,0.2584006760332481
2015-07-24,0.2567017855390164
2015-07-27,0.26020899822035104
2015-07-28,0.2607099517581267
2015-07-29,0.2540153120782306
2015-07-30,0.252884269663891
2015-07-31,0.2512803160895499
2015-08-03,0.26220428096715587
2015-08-04,0.2809482193831954
2015-08-05,0.283467207908583
2015-08-06,0.27362298666091545
2015-08-07,0.26646461054498105
2015-08-10,0.2809950331019253
2015-08-11,0.321678793072954
2015-08-12,0.3287640565857224
2015-08-13,0.32541540786814743
2015-08-14,0.32186368045324965
2015-08-17,0.3227948446582807
2015-08-18,0.3114818605041125
2015-08-19,0.31213365015377736
2015-08-20,0.2881504209779883
2015-08-21,0.34762037435008686
2015-08-24,0.35265578434479783
2015-08-25,0.3555346716921717
2015-08-26,0.41933172347868575
2015-08-27,0.43604977278052365
2015-08-28,0.43662716780380006
2015-08-31,0.4361905355671302
2015-09-01,0.4545567347730372
2015-09-02,0.4699205834891686
2015-09-03,0.4728583557400959
2015-09-04,0.4735455542026361
2015-09-08,0.48452338274347606
2015-09-09,0.46867872551701084
2015-09-10,0.4415222378310564
2015-09-11,0.44115676637952456
2015-09-14,0.4424147229666755
2015-09-15,0.4426992877667837
2015-09-16,0.44126506095517465
2015-09-17,0.4471642294107844
2015-09-18,0.4452125251210331
2015-09-21,0.44205406572406597
2015-09-22,0.3853509779016606
2015-09-23,0.37123042709354165
2015-09-24,0.3712286842613199
2015-09-25,0.31953527834296686
2015-09-28,0.31231919499442
2015-09-29,0.3288034138584238
2015-09-30,0.3316017182642772
2015-10-01,0.29199288030937925
2015-10-02,0.2507371926768696
2015-10-05,0.24346359454661343
2015-10-06,0.24098421342883494
2015-10-07,0.22086964928266203
2015-10-08,0.21419182137865359
2015-10-09,0.21683438963483093
2015-10-12,0.2105788529288888
2015-10-13,0.20729317705580003
2015-10-14,0.20856400968747
2015-10-15,0.2169182345256378
2015-10-16,0.20612526169144674
2015-10-19,0.20734539896146412
2015-10-20,0.21023850820889814
2015-10-21,0.20284664548197043
2015-10-22,0.20782869029971185
2015-10-23,0.23262724401363957
2015-10-26,0.26010425956571587
2015-10-27,0.25098458829344866
2015-10-28,0.261051733611455
2015-10-29,0.2607953110342399
2015-10-30,0.2619475670467675
2015-11-02,0.26397276521199076
2015-11-03,0.26500997004483806
2015-11-04,0.2670958130767426
2015-11-05,0.267030136986952
2015-11-06,0.2609512359245706
2015-11-09,0.25343706592511367
2015-11-10,0.28037369993834127
2015-11-11,0.28179484495609913
2015-11-12,0.27636426541830433
2015-11-13,0.29344238361734554
2015-11-16,0.2968732081911304
2015-11-17,0.2970903813868231
2015-11-18,0.3101343148897988
2015-11-19,0.3122919351181748
2015-11-20,0.3089037628602394
2015-11-23,0.29396853242046106
2015-11-24,0.2718260284341148
2015-11-25,0.272149074632871
2015-11-27,0.2313511918327417
2015-11-30,0.2286157132591214
2015-12-01,0.2284318484045116
2015-12-02,0.22376281019808508
2015-12-03,0.21992915298956145
2015-12-04,0.2523815818692975
2015-12-07,0.25276665136504844
2015-12-08,0.25266139029673024
2015-12-09,0.26290660774116487
2015-12-10,0.24042336711298637
2015-12-11,0.25580550080518516
2015-12-14,0.2563077870292587
2015-12-15,0.24323748692053115
2015-12-16,0.23735235368450394
2015-12-17,0.24724098216532586
2015-12-18,0.22988712198190936
2015-12-21,0.22946969633589132
2015-12-22,0.22754768982154558
2015-12-23,0.23361230515818182
2015-12-24,0.22854552113601687
2015-12-28,0.22957713809345046
2015-12-29,0.24252161183419693
2015-12-30,0.24282863426505075
2015-12-31,0.24787799319965248
2016-01-04,0.24823925065903105
2016-01-05,0.2578400447149193
2016-01-06,0.2204988925040616
2016-01-07,0.25039337374194265
2016-01-08,0.2537743665453038
2016-01-11,0.2638797764080054
2016-01-12,0.27161962760295627
2016-01-13,0.2715953519279648
2016-01-14,0.28944357863532993
2016-01-15,0.2935571778791257
2016-01-19,0.2893969814915417
2016-01-20,0.2855320739459742
2016-01-21,0.27452839024276987
2016-01-22,0.33563379838323176
2016-01-25,0.340692608727692
2016-01-26,0.33721678416456374
2016-01-27,0.39989356912125656
2016-01-28,0.4022824766945044
2016-01-29,0.41834838878758573
2016-02-01,0.41763644478244427
2016-02-02,0.41809914345783683
2016-02-03,0.42639030133259775
2016-02-04,0.4210735313624988
2016-02-05,0.4254607191055971
2016-02-08,0.4022916340114605
2016-02-09,0.40180574853093337
2016-02-10,0.3978468563916989
2016-02-11,0.393744984603646
2016-02-12,0.38491670187116533
2016-02-16,0.390268582936412
2016-02-17,0.38459399177927067
2016-02-18,0.39037086410869515
2016-02-19,0.3904568742882446
2016-02-22,0.39105168398039714
2016-02-23,0.3491316127282324
2016-02-24,0.34868161091969024
2016-02-25,0.34903411846680976
2016-02-26,0.2579871151723333
2016-02-29,0.2577361657068457
2016-03-01,0.2665194125060441
2016-03-02,0.2633461713934321
2016-03-03,0.2504198959919497
2016-03-04,0.24701935779043874
2016-03-07,0.2514829251659663
2016-03-08,0.23167829342953547
2016-03-09,0.2304120327391685
2016-03-10,0.23029841972061324
2016-03-11,0.22833657969959023
2016-03-14,0.2255057538855697
2016-03-15,0.2318756351953147
2016-03-16,0.21862075344579043
2016-03-17,0.21590298224809362
2016-03-18,0.19999032465416824
2016-03-21,0.19917675661232845
2016-03-22,0.19893488144356047
2016-03-23,0.17699690349404978
2016-03-24,0.17667985153798874
2016-03-28,0.1792284205838624
2016-03-29,0.19132173318684112
2016-03-30,0.19393607410255298
2016-03-31,0.15395933094793454
2016-04-01,0.15488052220546294
2016-04-04,0.15592653893331362
2016-04-05,0.1605720481269617
2016-04-06,0.15382644190401434
2016-04-07,0.1734875235198195
2016-04-08,0.17344879690875734
2016-04-11,0.17311050602250994
2016-04-12,0.17445312280191572
2016-04-13,0.17829491335779984
2016-04-14,0.16909725597028177
2016-04-15,0.18332042458083417
2016-04-18,0.20023512125147208
2016-04-19,0.20134907023113174
2016-04-20,0.20140436300809184
2016-04-21,0.20344284055892206
2016-04-22,0.20276016843932596
2016-04-25,0.2031644887837467
2016-04-26,0.20398279023863383
2016-04-27,0.28065774067212623
2016-04-28,0.28280581747910516
2016-04-29,0.28322642492119304
2016-05-02,0.27803261421282033
2016-05-03,0.2837631598019835
2016-05-04,0.2835204400805235
2016-05-05,0.2765392263897941
2016-05-06,0.2718673233121739
2016-05-09,0.27173777225849066
2016-05-10,0.27366964428664803
2016-05-11,0.26398196651028216
2016-05-12,0.25589403001058436
2016-05-13,0.256683151850368
2016-05-16,0.3003515682674341
2016-05-17,0.29572157704001767
2016-05-18,0.30196079807989007
2016-05-19,0.3008254594343622
2016-05-20,0.30544241176341164
2016-05-23,0.3112681844599183
2016-05-24,0.3181068724079694
2016-05-25,0.32541189599581305
2016-05-26,0.23959746028433548
2016-05-27,0.20942659164738706
2016-05-31,0.20483532725238493
2016-06-01,0.21312884194236567
2016-06-02,0.2098917060686637
2016-06-03,0.20528226015141665
2016-06-06,0.2046610833824147
2016-06-07,0.20242595876327454
2016-06-08,0.20276280045472722
2016-06-09,0.20285504006355456
2016-06-10,0.20170799191893893
2016-06-13,0.1894553114760966
2016-06-14,0.18955620666181602
2016-06-15,0.14623155960144835
2016-06-16,0.1449022986283357
2016-06-17,0.16416594770382428
2016-06-20,0.16378239404302306
2016-06-21,0.16213473971594763
2016-06-22,0.15630500375749717
2016-06-23,0.14755761692828442
2016-06-24,0.16003095729784095
2016-06-27,0.15961158539701092
2016-06-28,0.17509577281632038
2016-06-29,0.1797307333264023
2016-06-30,0.18219131226905202
2016-07-01,0.1813485318032399
2016-07-05,0.18337075133603029
2016-07-06,0.18252017461008502
2016-07-07,0.1826118771984296
2016-07-08,0.18535264244687133
2016-07-11,0.1836081301949341
2016-07-12,0.18279907910822146
2016-07-13,0.17620203128850034
2016-07-14,0.189343127328957
2016-07-15,0.1888168571655155
2016-07-18,0.191537661542978
2016-07-19,0.17075820904538824
2016-07-20,0.16999645529236937
2016-07-21,0.17050190506760024
2016-07-22,0.17267856342474336
2016-07-25,0.1794422514969172
2016-07-26,0.1490689835452006
2016-07-27,0.2560455919343138
2016-07-28,0.25443332990064227
2016-07-29,0.255103943628738
2016-08-01,0.2575900579019548
2016-08-02,0.26662372083765185
2016-08-03,0.26331890326376084
2016-08-04,0.26333426744435834
2016-08-05,0.2655177117092061
2016-08-08,0.26557620359156686
2016-08-09,0.26547271353161594
2016-08-10,0.2694529655214974
2016-08-11,0.26744042708286575
2016-08-12,0.26250173081050343
2016-08-15,0.2630544474394834
2016-08-16,0.2631440818030999
2016-08-17,0.26361046246566583
2016-08-18,0.2641103344942962
2016-08-19,0.26180752573165955
2016-08-22,0.2618246386096461
2016-08-23,0.2533908329233312
2016-08-24,0.2538078735531919
2016-08-25,0.13604539795852666
2016-08-26,0.13259870668891335
2016-08-29,0.13256752453408246
2016-08-30,0.12223489221983233
2016-08-31,0.10926001833887619
2016-09-01,0.10268139999405264
2016-09-02,0.10538697196343169
2016-09-06,0.0915507234708056
2016-09-07,0.08940969191020422
2016-09-08,0.12609385653712724
2016-09-09,0.1448395662876842
2016-09-12,0.16801046154783747
2016-09-13,0.18866771278930278
2016-09-14,0.22191469221204282
2016-09-15,0.24923798461017646
2016-09-16,0.25053604960429626
2016-09-19,0.25507100899545826
2016-09-20,0.25516885240610354
2016-09-21,0.2528787317335743
2016-09-22,0.25408054583720224
2016-09-23,0.2605475599023647
2016-09-26,0.25952460628811097
2016-09-27,0.2577932474947295
2016-09-28,0.2578966829843997
2016-09-29,0.2634507276274275
2016-09-30,0.2638917173848697
2016-10-03,0.2650454343028135
2016-10-04,0.2640029614670318
2016-10-05,0.2639223190981633
2016-10-06,0.2641899662113876
2016-10-07,0.24281909657125197
2016-10-10,0.22694678987997174
2016-10-11,0.21890745435442355
2016-10-12,0.20842603134924603
2016-10-13,0.17558508114111265
2016-10-14,0.13329473474305212
2016-10-17,0.1313430159829257
2016-10-18,0.12314233375079155
2016-10-19,0.12405566335151785
2016-10-20,0.12411828878673485
2016-10-21,0.12195135277688941
2016-10-24,0.1070228913102183
2016-10-25,0.10750895067337171
2016-10-26,0.1375050700797229
2016-10-27,0.14010892800907004
2016-10-28,0.1305384219466398
2016-10-31,0.12814885985779523
2016-11-01,0.14221645482619732
2016-11-02,0.1412999027754149
2016-11-03,0.14552889535340882
2016-11-04,0.14454164758174945
2016-11-07,0.15490852405326394
2016-11-08,0.14195428697592144
2016-11-09,0.1412268681731171
2016-11-10,0.1614469875794092
2016-11-11,0.16489757617866685
2016-11-14,0.17779113489026355
2016-11-15,0.18807452345003123
2016-11-16,0.21650481201143906
2016-11-17,0.21666643401833277
2016-11-18,0.21691968708447587
2016-11-21,0.22537328792580794
2016-11-22,0.22221005870936303
2016-11-23,0.2208572059584052
2016-11-25,0.209887610048157
2016-11-28,0.20772053982373076
2016-11-29,0.20667319862019323
2016-11-30,0.20842589749750898
2016-12-01,0.20147689416096268
2016-12-02,0.20197383407830952
2016-12-05,0.20006357241914252
2016-12-06,0.19920027342215677
2016-12-07,0.19577185946882789
2016-12-08,0.19763960251750393
2016-12-09,0.20482642623203418
2016-12-12,0.17751719268202412
2016-12-13,0.18397133722405584
2016-12-14,0.15386796277472162
2016-12-15,0.15039124738064172
2016-12-16,0.12477587984475112
2016-12-19,0.12478022206882615
2016-12-20,0.12460336403001968
2016-12-21,0.11646291340712421
2016-12-22,0.12033528124129793
2016-12-23,0.11761276862979544
2016-12-27,0.11809419263691229
2016-12-28,0.11940140787447237
2016-12-29,0.11918321851188036
2016-12-30,0.1184825161160359
2017-01-03,0.11074453797863096
2017-01-04,0.11152231017992781
2017-01-05,0.10590165512967162
2017-01-06,0.1083960566478445
2017-01-09,0.10792099601220526
2017-01-10,0.105531017633305
2017-01-11,0.0941987646694895
2017-01-12,0.09268147096150334
2017-01-13,0.07784786125702013
2017-01-17,0.08074633239148196
2017-01-18,0.07999506038500592
2017-01-19,0.08087879863718303
2017-01-20,0.07942419274535821
2017-01-23,0.07931533322015608
2017-01-24,0.07967264474256117
2017-01-25,0.08956833392431159
2017-01-26,0.08977343300390961
2017-01-27,0.08872627703542799
2017-01-30,0.08746717109693061
2017-01-31,0.0884029471966494
2017-02-01,0.21871039042483614
2017-02-02,0.21987864552134612
2017-02-03,0.2188021357203232
2017-02-06,0.21928249820907006
2017-02-07,0.21881470853881296
2017-02-08,0.21840737852601957
2017-02-09,0.21801763250160103
2017-02-10,0.21960769539430045
2017-02-13,0.21738524133176526
2017-02-14,0.21708639899131474
2017-02-15,0.2171783992248884
2017-02-16,0.21760462286507296
2017-02-17,0.21612990290403464
2017-02-21,0.21554548093698858
2017-02-22,0.21489835401802637
2017-02-23,0.21666362045497609
2017-02-24,0.2146314797426181
2017-02-27,0.2142342745742725
2017-02-28,0.21411736925876362
2017-03-01,0.21750312449837925
2017-03-02,0.21980222967509572
2017-03-03,0.09732649799443717
2017-03-06,0.09853781984787253
2017-03-07,0.09900334655109244
2017-03-08,0.10032887174722091
2017-03-09,0.09946821931149027
2017-03-10,0.09940702207802678
2017-03-13,0.09830880257998732
2017-03-14,0.09789070445576771
2017-03-15,0.09948129678212052
2017-03-16,0.0919229551069644
2017-03-17,0.09476287383058943
2017-03-20,0.09903925845115301
2017-03-21,0.10956890940729175
2017-03-22,0.11312876281056214
2017-03-23,0.11439855625614342
2017-03-24,0.11328278020422042
2017-03-27,0.11327220745749551
2017-03-28,0.13148124659562685
2017-03-29,0.13129666686926122
2017-03-30,0.11426690349002137
2017-03-31,0.11181395366330031
2017-04-03,0.11078597348692705
2017-04-04,0.11145383396393095
2017-04-05,0.11408326283982699
2017-04-06,0.11344734679452556
2017-04-07,0.11341521221943109
2017-04-10,0.11362844351418268
2017-04-11,0.121170315723982
2017-04-12,0.12086828046260968
2017-04-13,0.11744561068730722
2017-04-17,0.11880150662940839
2017-04-18,0.1185110121172758
2017-04-19,0.11340871857508328
2017-04-20,0.11393476231003183
2017-04-21,0.10761518448156726
2017-04-24,0.11129251316584136
2017-04-25,0.1121929906057556
2017-04-26,0.11491303217050257
2017-04-27,0.08969021692469623
2017-04-28,0.0893795959347192
2017-05-01,0.11402997958371565
2017-05-02,0.11506541949967
2017-05-03,0.11600637257332262
2017-05-04,0.11472992937249808
2017-05-05,0.12520641957679324
2017-05-08,0.15217963754081962
2017-05-09,0.15134313537569602
2017-05-10,0.15320786392053964
2017-05-11,0.14533186773926546
2017-05-12,0.14868305595255127
2017-05-15,0.14663212856163765
2017-05-16,0.14828513433369006
2017-05-17,0.19704492483688096
2017-05-18,0.19956466661149005
2017-05-19,0.19722779781140243
2017-05-22,0.19656138715712437
2017-05-23,0.19627586419585027
2017-05-24,0.19728083893803877
2017-05-25,0.19456225964790602
2017-05-26,0.19518787358358294
2017-05-30,0.19485784064496708
2017-05-31,0.18725645829463922
2017-06-01,0.18667464863399813
2017-06-02,0.1907298030570593
2017-06-05,0.1945478251195412
2017-06-06,0.18786602102478292
2017-06-07,0.16498502259353232
2017-06-08,0.16416326605991566
2017-06-09,0.2130580201797855
2017-06-12,0.223913343627869
2017-06-13,0.2192809206029912
2017-06-14,0.22055478126537453
2017-06-15,0.22065508113154564
2017-06-16,0.19603041358720774
2017-06-19,0.21576658817125197
2017-06-20,0.21624561618711885
2017-06-21,0.21617370995346216
2017-06-22,0.2161483536619168
2017-06-23,0.21747626915407225
2017-06-26,0.21653138583053796
2017-06-27,0.22035557404103823
2017-06-28,0.22852307522550044
2017-06-29,0.23225315373579686
2017-06-30,0.23214135065403232
2017-07-03,0.2230893587833169
2017-07-05,0.2235151598080323
2017-07-06,0.22328346280182507
2017-07-07,0.2260208344600797
2017-07-10,0.2284296579992388
2017-07-11,0.18850925482940162
2017-07-12,0.16926732191248997
2017-07-13,0.17388488952468262
2017-07-14,0.1719381041612702
2017-07-17,0.16998793966816908
2017-07-18,0.1600583308514484
2017-07-19,0.13024354906880722
2017-07-20,0.12644483645313895
2017-07-21,0.12571979950275486
2017-07-24,0.13040300391664114
2017-07-25,0.1303614806959531
2017-07-26,0.12922121422512295
2017-07-27,0.1374068552257589
2017-07-28,0.1332705683922496
2017-07-31,0.12250249128781117
2017-08-01,0.12501482492378269
2017-08-02,0.19874659615517756
2017-08-03,0.20491907468805481
2017-08-04,0.19926126093608335
2017-08-07,0.20201658463957278
2017-08-08,0.2022899714552698
2017-08-09,0.20226009364660277
2017-08-10,0.23900973261105157
2017-08-11,0.23899750621211424
2017-08-14,0.24181868802782688
2017-08-15,0.2431380426615093
2017-08-16,0.24472095212237183
2017-08-17,0.25686927318774067
2017-08-18,0.2562288583454809
2017-08-21,0.256475510131083
2017-08-22,0.2588916824933441
2017-08-23,0.2588666644348902
2017-08-24,0.25982916668465283
2017-08-25,0.24837554597307981
2017-08-28,0.24658700274709236
2017-08-29,0.24483576932624634
2017-08-30,0.24442577392336712
2017-08-31,0.18823870711654753
2017-09-01,0.18308193979285517
2017-09-05,0.18978408796236423
2017-09-06,0.1834844563150422
2017-09-07,0.18257061108844508
2017-09-08,0.1903896979175081
2017-09-11,0.1633457234720153
2017-09-12,0.15846610255441038
2017-09-13,0.15253676516315862
2017-09-14,0.1498282801416051
2017-09-15,0.15410713138879603
2017-09-18,0.14080166133636426
2017-09-19,0.1404931711412183
2017-09-20,0.1524920348275183
2017-09-21,0.1505727812095831
2017-09-22,0.1525011258210699
2017-09-25,0.15397958219416225
2017-09-26,0.16748821612898454
2017-09-27,0.1651034118396988
2017-09-28,0.1605899323271985
2017-09-29,0.16208167347374486
2017-10-02,0.16028197414328132
2017-10-03,0.16194067841799084
2017-10-04,0.1590884797029751
2017-10-05,0.16734013430238207
2017-10-06,0.16721686834929606
2017-10-09,0.15935745216148867
2017-10-10,0.14397531636728494
2017-10-11,0.14507410552664773
2017-10-12,0.14354780360404795
2017-10-13,0.14300790526338303
2017-10-16,0.15318588381185352
2017-10-17,0.15108675579643022
2017-10-18,0.1520806077950627
2017-10-19,0.1633286083919505
2017-10-20,0.15090812225199177
2017-10-23,0.14596053790067604
2017-10-24,0.14188583067500646
2017-10-25,0.1322538312275604
2017-10-26,0.13185790231024763
2017-10-27,0.17596247184402397
2017-10-30,0.18842644583435922
2017-10-31,0.19028866174820125
2017-11-01,0.19950509721531698
2017-11-02,0.19628378838697041
2017-11-03,0.20864991117709383
2017-11-06,0.20829937637267545
2017-11-07,0.20833491502936324
2017-11-08,0.2076409780373037
2017-11-09,0.20941506251541
2017-11-10,0.20930392288367855
2017-11-13,0.21192749513534243
2017-11-14,0.21727118088353947
2017-11-15,0.22488133123959722
2017-11-16,0.22544323586084422
2017-11-17,0.20578737410687445
2017-11-20,0.2064498003881555
2017-11-21,0.21141986868389898
2017-11-22,0.2122182213907987
2017-11-24,0.21018257632094411
2017-11-27,0.21334621353521221
2017-11-28,0.1845291962127716
2017-11-29,0.18794481977093574
2017-11-30,0.18800437120962543
2017-12-01,0.1825744774185617
2017-12-04,0.1836388429681663
2017-12-05,0.1587053613083457
2017-12-06,0.15410207517424465
2017-12-07,0.15367360420190404
2017-12-08,0.14992428495462304
2017-12-11,0.16685411531308242
2017-12-12,0.16750724110247395
2017-12-13,0.16764223050439359
2017-12-14,0.15889700049801234
2017-12-15,0.15446148513159658
2017-12-18,0.15646271575610723
2017-12-19,0.1603157948468275
2017-12-20,0.16033196140671188
2017-12-21,0.14788544363175998
2017-12-22,0.14338058944100054
2017-12-26,0.16826603596377537
2017-12-27,0.1677223964473109
2017-12-28,0.16718841525606087
2017-12-29,0.1551415620806985
2018-01-02,0.16011628287676782
2018-01-03,0.15916730657744377
2018-01-04,0.15727160593189743
2018-01-05,0.1611579905173941
2018-01-08,0.161158214167281
2018-01-09,0.16125343968298889
2018-01-10,0.16131060259285765
2018-01-11,0.14839834691484738
2018-01-12,0.15003873864469913
2018-01-16,0.15158093408281692
2018-01-17,0.16053294747197921
2018-01-18,0.15772050098057092
2018-01-19,0.15202137715304861
2018-01-22,0.14994067785311188
2018-01-23,0.14981117571394972
2018-01-24,0.16003112238698938
2018-01-25,0.17134416523302956
2018-01-26,0.14685797107077816
2018-01-29,0.1638987909405722
2018-01-30,0.16432755978140107
2018-01-31,0.16091485733162333
2018-02-01,0.14688796260432962
2018-02-02,0.20701739587761162
2018-02-05,0.2178998632244009
2018-02-06,0.26624415701915766
2018-02-07,0.2735989325505914
2018-02-08,0.28483509815618985
2018-02-09,0.2908816549194586
2018-02-12,0.32879175044100145
2018-02-13,0.3286341126373168
2018-02-14,0.3368919371690887
2018-02-15,0.35350578923736675
2018-02-16,0.3534837988289402
2018-02-20,0.353385031785437
2018-02-21,0.35272477337255964
2018-02-22,0.35425907392569084
2018-02-23,0.35514000288120384
2018-02-26,0.3541835469896526
2018-02-27,0.3547567815833307
2018-02-28,0.345176877834393
2018-03-01,0.35133645064127506
2018-03-02,0.35164493589106566
2018-03-05,0.35163898953488787
2018-03-06,0.3093703177652038
2018-03-07,0.29465585535739414
2018-03-08,0.2649191757274277
2018-03-09,0.2512331708561057
2018-03-12,0.21963057669287356
2018-03-13,0.2270549887670135
2018-03-14,0.1973672910174069
2018-03-15,0.1966148882150609
2018-03-16,0.19101451398688526
2018-03-19,0.1658172843408809
2018-03-20,0.16525710741374966
2018-03-21,0.18387559201429074
2018-03-22,0.18970402122017607
2018-03-23,0.20205936222780413
2018-03-26,0.25773424518485116
2018-03-27,0.26045329054047794
2018-03-28,0.2620253620578551
2018-03-29,0.264737728094839
2018-04-02,0.25968980248004236
2018-04-03,0.26142014962714594
2018-04-04,0.271019210148219
2018-04-05,0.27251423034915573
2018-04-06,0.2844062180111929
2018-04-09,0.2838715105563893
2018-04-10,0.2852993003378856
2018-04-11,0.28243560661174866
2018-04-12,0.2841634878631397
2018-04-13,0.2834115484789312
2018-04-16,0.28440812030019913
2018-04-17,0.28845094667158894
2018-04-18,0.28311338981239065
2018-04-19,0.3006509842285116
2018-04-20,0.3234893843566331
2018-04-23,0.3202303362660016
2018-04-24,0.31364834340659825
2018-04-25,0.26205892177769907
2018-04-26,0.24865877860116756
2018-04-27,0.2489286062632577
2018-04-30,0.25602541276293905
2018-05-01,0.26781437233955485
2018-05-02,0.3059289227720916
2018-05-03,0.2998506644663661
2018-05-04,0.32674077903050347
2018-05-07,0.30971371423566896
2018-05-08,0.3091373104600973
2018-05-09,0.3049138175935799
2018-05-10,0.305267807358693
2018-05-11,0.3060907895696265
2018-05-14,0.30691402561937026
2018-05-15,0.3100140874246989
2018-05-16,0.30848082855680403
2018-05-17,0.3096678707978693
2018-05-18,0.2895840156906697
2018-05-21,0.23914632352724247
2018-05-22,0.23896222954628302
2018-05-23,0.22745278415281014
2018-05-24,0.22910076741542942
2018-05-25,0.22936637221166167
2018-05-29,0.22285730805785317
2018-05-30,0.22147477024828502
2018-05-31,0.21492393615456493
2018-06-01,0.16914981526258588
2018-06-04,0.16970228226645473
2018-06-05,0.11322215447345071
2018-06-06,0.11202655689898382
2018-06-07,0.11301962613772808
2018-06-08,0.11779996380712048
2018-06-11,0.10842217235643455
2018-06-12,0.10855148779655538
2018-06-13,0.1126275519150136
2018-06-14,0.10691617059019441
2018-06-15,0.1094869537575319
2018-06-18,0.10695450735822812
2018-06-19,0.12089558331048507
2018-06-20,0.11920377672627067
2018-06-21,0.12040120811971576
2018-06-22,0.11805723811701688
2018-06-25,0.12767088110029853
2018-06-26,0.13600011068819637
2018-06-27,0.13568983384268155
2018-06-28,0.13851783710296134
2018-06-29,0.13825595177650077
2018-07-02,0.12842389353450348
2018-07-03,0.1362159420239565
2018-07-05,0.1365176483284013
2018-07-06,0.14612888149884382
2018-07-09,0.15535751214182006
2018-07-10,0.1523384564609868
2018-07-11,0.15845774565730303
2018-07-12,0.16858276439878206
2018-07-13,0.16615159383009445
2018-07-16,0.16635359357060153
2018-07-17,0.16222017673625452
2018-07-18,0.16359711402979799
2018-07-19,0.1536529698938091
2018-07-20,0.15387902034191975
2018-07-23,0.1518603551771221
2018-07-24,0.15213906412527214
2018-07-25,0.14089252909873595
2018-07-26,0.1384143261355823
2018-07-27,0.15308193452150842
2018-07-30,0.153752612184514
2018-07-31,0.15331053635734765
2018-08-01,0.2503068152453816
2018-08-02,0.25302627509562653
2018-08-03,0.25309327229823264
2018-08-06,0.2513061856101907
2018-08-07,0.2540740287377163
2018-08-08,0.25366303606904494
2018-08-09,0.2460652801427086
2018-08-10,0.24383691184311496
2018-08-13,0.24375301421034834
2018-08-14,0.24255557043425577
2018-08-15,0.24261115354322776
2018-08-16,0.2419401562971952
2018-08-17,0.24689383082338318
2018-08-20,0.2514615871862151
2018-08-21,0.25236864758948246
2018-08-22,0.2530772660262023
2018-08-23,0.2529067803261949
2018-08-24,0.2512665846729707
2018-08-27,0.23822658482826603
2018-08-28,0.23408915073496675
2018-08-29,0.23473263613416148
2018-08-30,0.14417236154125262
2018-08-31,0.1181315076943788
2018-09-04,0.1180780553234107
2018-09-05,0.12421994744602713
2018-09-06,0.13608255891336535
2018-09-07,0.1418212874570628
2018-09-10,0.1520516975516945
2018-09-11,0.1700901510519874
2018-09-12,0.17854559483989405
2018-09-13,0.19333268662467407
2018-09-14,0.20025428988462055
2018-09-17,0.22021820387354196
2018-09-18,0.20931229779909558
2018-09-19,0.20614709277571297
2018-09-20,0.20724136694999412
2018-09-21,0.21133064835527046
2018-09-24,0.21660411381953973
2018-09-25,0.21724273153889173
2018-09-26,0.21806845604843691
2018-09-27,0.2275149422189424
2018-09-28,0.22222431371754384
2018-10-01,0.2211976379224376
2018-10-02,0.21971639732956455
2018-10-03,0.2233046363484686
2018-10-04,0.23106247893344947
2018-10-05,0.2307066255022506
2018-10-08,0.2289148963574078
2018-10-09,0.22731698001046463
2018-10-10,0.26656933237519226
2018-10-11,0.26499886594278177
2018-10-12,0.2815149810958139
2018-10-15,0.28833444712200207
2018-10-16,0.2835884175690407
2018-10-17,0.28419023782204694
2018-10-18,0.2962729026599726
2018-10-19,0.30000703430586945
2018-10-22,0.2980526526181351
2018-10-23,0.29569751121726784
2018-10-24,0.31837298846815704
2018-10-25,0.3272403197000256
2018-10-26,0.3228389648296301
2018-10-29,0.3275282924599188
2018-10-30,0.3269502486894422
2018-10-31,0.3398558778506728
2018-11-01,0.34170150761886253
2018-11-02,0.40572702835249774
2018-11-05,0.4124147606942559
2018-11-06,0.41588157464415704
2018-11-07,0.428573383638907
2018-11-08,0.3991035002736633
2018-11-09,0.4032121955195119
2018-11-12,0.4124886007101677
2018-11-13,0.4089685348912041
2018-11-14,0.40360524972226985
2018-11-15,0.41891407059301006
2018-11-16,0.41828287434109596
2018-11-19,0.4283655197591231
2018-11-20,0.447313714882232
2018-11-21,0.4430413961299851
2018-11-23,0.43803519121652146
2018-11-26,0.4312652601123049
2018-11-27,0.43166637041738076
2018-11-28,0.461065295683241
2018-11-29,0.4589978051922738
2018-11-30,0.44256541912983977
2018-12-03,0.4610208012326691
2018-12-04,0.43102462130355246
2018-12-06,0.42438338751240196
2018-12-07,0.431272836085926
2018-12-10,0.41174427990337814
2018-12-11,0.41139789451068204
2018-12-12,0.4120450670350391
2018-12-13,0.38790716402144837
2018-12-14,0.3982835637736561
2018-12-17,0.3907705545995001
2018-12-18,0.3812260085320959
2018-12-19,0.3848261359192066
2018-12-20,0.3731950401558705
2018-12-21,0.3623123638692703
2018-12-24,0.3670537958892637
2018-12-26,0.4518964276676765
2018-12-27,0.44742366450103277
2018-12-28,0.447729332479474
2018-12-31,0.4231116114809257
2019-01-02,0.423819764950578
2019-01-03,0.534110839702527
2019-01-04,0.542970183619193
2019-01-07,0.529002903744156
2019-01-08,0.5369479176158706
2019-01-09,0.5318053222690472
2019-01-10,0.5310886798804086
2019-01-11,0.5314356135754997
2019-01-14,0.532028152679244
2019-01-15,0.5366609213535809
2019-01-16,0.5301325562407632
2019-01-17,0.5303282829583648
2019-01-18,0.5284415398986373
2019-01-22,0.5232357983459873
2019-01-23,0.516478642197737
2019-01-24,0.49819450328477577
2019-01-25,0.4998752452290109
2019-01-28,0.4387572362350884
2019-01-29,0.4396966030098367
2019-01-30,0.4995263313996603
2019-01-31,0.49919479971863623
2019-02-01,0.4992317230514553
2019-02-04,0.3388812305055023
2019-02-05,0.317874579216008
2019-02-06,0.316967391407695
2019-02-07,0.3274359761495103
2019-02-08,0.32545116145906283
2019-02-11,0.32769934802115125
2019-02-12,0.323373769421277
2019-02-13,0.31662252305009253
2019-02-14,0.31255471138005575
2019-02-15,0.31271650179061883
2019-02-19,0.312763305547298
2019-02-20,0.31277999610022456
2019-02-21,0.2994662380547972
2019-02-22,0.30001473896491737
2019-02-25,0.2957517711817964
2019-02-26,0.2801281827172134
2019-02-27,0.2753718492270661
2019-02-28,0.27498865725113014
2019-03-01,0.15657613830227657
2019-03-04,0.15601751437272512
2019-03-05,0.15666397732695037
2019-03-06,0.12834633748057106
2019-03-07,0.1216556109083299
2019-03-08,0.12197975312077132
2019-03-11,0.1547175367988315
2019-03-12,0.15759670604776385
2019-03-13,0.15447170334161425
2019-03-14,0.15577625384556582
2019-03-15,0.15649226087525583
2019-03-18,0.15778267739184704
2019-03-19,0.16208009357296427
2019-03-20,0.1626905444410038
2019-03-21,0.19731838604854787
2019-03-22,0.2147326414536184
2019-03-25,0.2218103862863544
2019-03-26,0.22711080935459899
2019-03-27,0.2276552873056332
2019-03-28,0.22780850283111123
2019-03-29,0.22251745692583572
2019-04-01,0.22162521940960128
2019-04-02,0.22442996902792223
2019-04-03,0.22322065465157814
2019-04-04,0.22007401346733846
2019-04-05,0.2110693716050402
2019-04-08,0.21290408867543675
2019-04-09,0.19018531624772003
2019-04-10,0.1889571652313429
2019-04-11,0.1945283708175219
2019-04-12,0.19360478596121825
2019-04-15,0.19079498429971603
2019-04-16,0.18940122735345427
2019-04-17,0.19352715146892996
2019-04-18,0.19280546293745143
2019-04-22,0.15111114510047477
2019-04-23,0.1314513929094991
2019-04-24,0.11977308464716256
2019-04-25,0.1178799931398493
2019-04-26,0.12092126673433302
2019-04-29,0.12087229686740794
2019-04-30,0.14446884335168544
2019-05-01,0.2162007621363359
2019-05-02,0.2163913680868323
2019-05-03,0.21827974202856734
2019-05-06,0.22834030536641722
2019-05-07,0.25038760446485525
2019-05-08,0.24499478989389445
2019-05-09,0.2479492123522504
2019-05-10,0.25193462473714967
2019-05-13,0.3209617504965515
2019-05-14,0.32740977319517645
2019-05-15,0.33082531501166346
2019-05-16,0.33089502334403964
2019-05-17,0.3218195503917166
2019-05-20,0.3351394196433773
2019-05-21,0.344305726208217
2019-05-22,0.3420526974758831
2019-05-23,0.3439480493006047
2019-05-24,0.34390405472275365
2019-05-28,0.34394231874749637
2019-05-29,0.34288194839542424
2019-05-30,0.34176258311759644
2019-05-31,0.28115570783394483
2019-06-03,0.28112572633078714
2019-06-04,0.31435694506201906
2019-06-05,0.3231325110090604
2019-06-06,0.32117342535347987
2019-06-07,0.33806057692129277
2019-06-10,0.34080461193599393
2019-06-11,0.34063787454743777
2019-06-12,0.26884869383712645
2019-06-13,0.2643532188996473
2019-06-14,0.2631414642278535
2019-06-17,0.2631186952957235
2019-06-18,0.2729297895612829
2019-06-19,0.24501775045081997
2019-06-20,0.23919231616343972
2019-06-21,0.22470297121009924
2019-06-24,0.21217638782101347
2019-06-25,0.22144535445158295
2019-06-26,0.2269604459951716
2019-06-27,0.22491868047925123
2019-06-28,0.2307592601977952
2019-07-01,0.21882819000486828
2019-07-02,0.21007958990805828
2019-07-03,0.18182314919570508
2019-07-05,0.17968164120705601
2019-07-08,0.19747985730538814
2019-07-09,0.1795047833719687
2019-07-10,0.1777432796745819
2019-07-11,0.17778094288903504
2019-07-12,0.17798378124937417
2019-07-15,0.1794193009221545
2019-07-16,0.17722854455335244
2019-07-17,0.1792245608436028
2019-07-18,0.1655407833444038
2019-07-19,0.17477830904109062
2019-07-22,0.18905607347586106
2019-07-23,0.18909370999109001
2019-07-24,0.18905101127802226
2019-07-25,0.18209244312627762
2019-07-26,0.16878253561226925
2019-07-29,0.1704854591913507
2019-07-30,0.16718127087834878
2019-07-31,0.16976263754532053
2019-08-01,0.18895353247594404
2019-08-02,0.2024572185952863
2019-08-05,0.2718462332887263
2019-08-06,0.2730913415484858
2019-08-07,0.2747958875251418
2019-08-08,0.2836145905202229
2019-08-09,0.28395216426970415
2019-08-12,0.28274295543788147
2019-08-13,0.31788623912368996
2019-08-14,0.3353643972889344
2019-08-15,0.3352364534563225
2019-08-16,0.34304128682119117
2019-08-19,0.34360882803727094
2019-08-20,0.3353156466742798
2019-08-21,0.33623904064072213
2019-08-22,0.33624157653421455
2019-08-23,0.3735210504211459
2019-08-26,0.3794636211313864
2019-08-27,0.3799080410743651
2019-08-28,0.38055009108837673
2019-08-29,0.37835447161573144
2019-08-30,0.3704835636703477
2019-09-03,0.3663040243184207
2019-09-04,0.3145626948094509
2019-09-05,0.3149381767306229
2019-09-06,0.31442693706407016
2019-09-09,0.30727069123180273
2019-09-10,0.30603140525517064
2019-09-11,0.31991349066809827
2019-09-12,0.29101342303894745
2019-09-13,0.2781696621012533
2019-09-16,0.27636591028167445
2019-09-17,0.26726962053237635
2019-09-18,0.2624547613247879
2019-09-19,0.2650746901734265
2019-09-20,0.2695877640245366
2019-09-23,0.2697027902668867
2019-09-24,0.2085284395936543
2019-09-25,0.20550018758617208
2019-09-26,0.20106078430696286
2019-09-27,0.2028081648729908
2019-09-30,0.20967108701962453
2019-10-01,0.20900193598007055
2019-10-02,0.2231741018972317
2019-10-03,0.21840748669106136
2019-10-04,0.22841295848552307
2019-10-07,0.22836063843818336
2019-10-08,0.2339638476827838
2019-10-09,0.2339166036118524
2019-10-10,0.21245951656107154
2019-10-11,0.2289916122465846
2019-10-14,0.21498375538562012
2019-10-15,0.2158884183016653
2019-10-16,0.21737806093721038
2019-10-17,0.21616179436620322
2019-10-18,0.21261985513542828
2019-10-21,0.20742872185074115
2019-10-22,0.20889228979831123
2019-10-23,0.2082269065899649
2019-10-24,0.20531729614607194
2019-10-25,0.2036454558320534
2019-10-28,0.2005582559883648
2019-10-29,0.2145580675156631
2019-10-30,0.21500646187331948
2019-10-31,0.1967356877451229
2019-11-01,0.21122640500338632
2019-11-04,0.19705580124606403
2019-11-05,0.1977605370852688
2019-11-06,0.1882914174715874
2019-11-07,0.18823110881765956
2019-11-08,0.18694666227128337
2019-11-11,0.1716791075705123
2019-11-12,0.17143377842881208
2019-11-13,0.16979220541886508
2019-11-14,0.17216770471440462
2019-11-15,0.17336524836232245
2019-11-18,0.1733461082296392
2019-11-19,0.170943757977868
2019-11-20,0.17889496064441046
2019-11-21,0.1785411619236831
2019-11-22,0.17913074251497224
2019-11-25,0.1831804377978472
2019-11-26,0.1860526714461682
2019-11-27,0.16292901126912362
2019-11-29,0.1638743953499111
2019-12-02,0.15946711504642902
2019-12-03,0.14684420711281665
2019-12-04,0.14815424802039268
2019-12-05,0.1552071139223805
2019-12-06,0.16658681081785068
2019-12-09,0.17275199281890444
2019-12-10,0.17338652594223747
2019-12-11,0.173681275891942
2019-12-12,0.17346614611310077
2019-12-13,0.17628071716740581
2019-12-16,0.18066156034441405
2019-12-17,0.17782654266351575
2019-12-18,0.17841255485567414
2019-12-19,0.17744815493009164
2019-12-20,0.17084232533531776
2019-12-23,0.17465107763944762
2019-12-24,0.1741346210996728
2019-12-26,0.17656157324669697
2019-12-27,0.1720665067705043
2019-12-30,0.16907089987887358
2019-12-31,0.167811139974474
2020-01-02,0.16847941867296087
2020-01-03,0.155778888334098
2020-01-06,0.15565073965374548
2020-01-07,0.15734508746562545
2020-01-08,0.15416463305734446
2020-01-09,0.14626014444773652
2020-01-10,0.14718197260071772
2020-01-13,0.15539003858589928
2020-01-14,0.1710862910141697
2020-01-15,0.17334905708055104
2020-01-16,0.1703277705968425
2020-01-17,0.1707058488922144
2020-01-21,0.17412125877439133
2020-01-22,0.17342464567968677
2020-01-23,0.1709661418622585
2020-01-24,0.16988548162927725
2020-01-27,0.20832392643591563
2020-01-28,0.21821128522402328
2020-01-29,0.22465356237258233
2020-01-30,0.22591441021481287
2020-01-31,0.28319356523635975
2020-02-03,0.2739638678245941
2020-02-04,0.2914581130308603
2020-02-05,0.29149499879422636
2020-02-06,0.29122486674336323
2020-02-07,0.2941825724938824
2020-02-10,0.286646304137408
2020-02-11,0.28801320986584533
2020-02-12,0.2901764854253906
2020-02-13,0.28676111768281504
2020-02-14,0.28591961921712244
2020-02-18,0.29192522717565206
2020-02-19,0.2936658031118621
2020-02-20,0.29507232752339096
2020-02-21,0.3057823081936179
2020-02-24,0.34562255753068727
2020-02-25,0.3618886300736213
2020-02-26,0.3563775975603736
2020-02-27,0.4003153632116314
2020-02-28,0.3883737192972302
2020-03-02,0.5225148099323494
2020-03-03,0.5117431140467795
2020-03-04,0.539141580774121
2020-03-05,0.5358994061977294
2020-03-06,0.5352283892833352
2020-03-09,0.5903758489574396
2020-03-10,0.6526892530407129
2020-03-11,0.6598146651407741
2020-03-12,0.7330492451600669
2020-03-13,0.8556143685020078
2020-03-16,0.9547744984777662
2020-03-17,0.9737573821176911
2020-03-18,0.9746488670154752
2020-03-19,0.9705442968372222
2020-03-20,0.9871119448133219
2020-03-23,0.9869696514399199
2020-03-24,1.0541079039044616
2020-03-25,1.0495167521005886
2020-03-26,1.0665329270348096
2020-03-27,1.0522224610060034
2020-03-30,1.0577508568487142
2020-03-31,1.0006543410741193
2020-04-01,1.0100485999642457
2020-04-02,0.9954986925929381
2020-04-03,0.991908733117481
2020-04-06,1.0440239815165373
2020-04-07,1.0071753247596273
2020-04-08,0.978173870949991
2020-04-09,0.9709913632858873
2020-04-13,0.9027395092544862
2020-04-14,0.8209919207963633
2020-04-15,0.670428298703434
2020-04-16,0.6579208624413312
2020-04-17,0.6524476093899897
2020-04-20,0.6577907797538611
2020-04-21,0.6227450679729539
2020-04-22,0.6169890863958529
2020-04-23,0.5248235520986071
2020-04-24,0.5290934459376259
2020-04-27,0.5029850778970634
2020-04-28,0.4808928307246721
2020-04-29,0.4836563044313423
2020-04-30,0.4853048016685152
2020-05-01,0.4431127705178308
2020-05-04,0.442650692318804
2020-05-05,0.4347714985452555
2020-05-06,0.333166750737712
2020-05-07,0.32660583646293156
2020-05-08,0.3254275885576746
2020-05-11,0.326619880716344
2020-05-12,0.3304533194271958
2020-05-13,0.29482728134594177
2020-05-14,0.2912456445048371
2020-05-15,0.29302630036373384
2020-05-18,0.29373802666182003
2020-05-19,0.281227071232853
2020-05-20,0.24998575109425905
2020-05-21,0.24445698162405882
2020-05-22,0.2413633551660823
2020-05-26,0.23267234776794085
2020-05-27,0.23204540194899248
2020-05-28,0.218958569714829
2020-05-29,0.19819859194579587
2020-06-01,0.1914054435719935
2020-06-02,0.17608471933772527
2020-06-03,0.1732816358200665
2020-06-04,0.1756098270916865
2020-06-05,0.1941368537941184
2020-06-08,0.19316534326411725
2020-06-09,0.20442766580582658
2020-06-10,0.2137421406446871
2020-06-11,0.2781205170625288
2020-06-12,0.2724606395369008
2020-06-15,0.2737133591905188
2020-06-16,0.28032173968771845
2020-06-17,0.27454837027445045
2020-06-18,0.2722042395608524
2020-06-19,0.27012806916175314
2020-06-22,0.276423571748695
2020-06-23,0.2814357446967643
2020-06-24,0.2904274124584739
2020-06-25,0.29132330777185295
2020-06-26,0.3185105222796519
2020-06-29,0.32345033299075304
2020-06-30,0.32282691230498767
2020-07-01,0.32401004711550246
2020-07-02,0.3246488974939987
2020-07-06,0.3282233702537214
2020-07-07,0.320682048919655
2020-07-08,0.32636644538137816
2020-07-09,0.3135045448223603
2020-07-10,0.3047155175836911
2020-07-13,0.2416205129676541
2020-07-14,0.24415007166015956
2020-07-15,0.24326047318183827
2020-07-16,0.23988957014684903
2020-07-17,0.2400941767909889
2020-07-20,0.24626917972975318
2020-07-21,0.25241100420174206
2020-07-22,0.24051485297689693
2020-07-23,0.2867268065987515
2020-07-24,0.27915222320692995
2020-07-27,0.28691809662961487
2020-07-28,0.27015355710454825
2020-07-29,0.26678331150920676
2020-07-30,0.2681331521388241
2020-07-31,0.44264898350614906
2020-08-03,0.4456846961251119
2020-08-04,0.4409837372912822
2020-08-05,0.43946332226538165
2020-08-06,0.44622769011419905
2020-08-07,0.4593509089838703
2020-08-10,0.45944078272378713
2020-08-11,0.4762028595917001
2020-08-12,0.48386771446804044
2020-08-13,0.48506132638711114
2020-08-14,0.48054174186011306
2020-08-17,0.48071431653299396
2020-08-18,0.47864348236556375
2020-08-19,0.47272361405022784
2020-08-20,0.47432678470520484
2020-08-21,0.4501076683916813
2020-08-24,0.44601707685861375
2020-08-25,0.45197355327803307
2020-08-26,0.4385736675650867
2020-08-27,0.4480595617866889
2020-08-28,0.4511442115728815
2020-08-31,0.3162209233917848
2020-09-01,0.32913638751621177
2020-09-02,0.34613920111267704
2020-09-03,0.46378750332789437
2020-09-04,0.4509473956616067
2020-09-08,0.5064223384905981
2020-09-09,0.5221892159831445
2020-09-10,0.5245363864690258
2020-09-11,0.5145669132523856
2020-09-14,0.5215902880958692
2020-09-15,0.5215670694861687
2020-09-16,0.5319958360628464
2020-09-17,0.5335707434243758
2020-09-18,0.5434422164075822
2020-09-21,0.5489392909912193
2020-09-22,0.5173551765843977
2020-09-23,0.5292548832200106
2020-09-24,0.5326309110855213
2020-09-25,0.5500094352325884
2020-09-28,0.5583126818021191
2020-09-29,0.5584560616324904
2020-09-30,0.5461619253722872
2020-10-01,0.5244093228916766
2020-10-02,0.5299818225977798
2020-10-05,0.47238962290378184
2020-10-06,0.481667481856248
2020-10-07,0.4243818429264491
2020-10-08,0.40048496340887635
2020-10-09,0.3874291342852844
2020-10-12,0.43807971154355035
2020-10-13,0.44178980860046485
2020-10-14,0.4418250183245338
2020-10-15,0.42701039943197056
2020-10-16,0.4259148039826915
2020-10-19,0.4198899288230558
2020-10-20,0.41057340350152444
2020-10-21,0.4091377022390103
2020-10-22,0.37917811808160584
2020-10-23,0.3799986905875052
2020-10-26,0.35892580590662326
2020-10-27,0.352474928932682
2020-10-28,0.3879771264343342
2020-10-29,0.4064343305537507
2020-10-30,0.4488949579078111
2020-11-02,0.43605087178139024
2020-11-03,0.42479648895738426
2020-11-04,0.43824892392732306
2020-11-05,0.4512028157257863
2020-11-06,0.4512180658138304
2020-11-09,0.45369473366141094
2020-11-10,0.3908975303101228
2020-11-11,0.397302633081563
2020-11-12,0.397348797717342
2020-11-13,0.39714414907121165
2020-11-16,0.39498471141092556
2020-11-17,0.38460022753385825
2020-11-18,0.38480865451032426
2020-11-19,0.38447284916874014
2020-11-20,0.3849821512128257
2020-11-23,0.3989388810510164
2020-11-24,0.400996752379904
2020-11-25,0.3990722264674134
2020-11-27,0.3616112183220878
2020-11-30,0.34635646905302026
2020-12-01,0.2896087351530596
2020-12-02,0.28878975874107254
2020-12-03,0.2878103784558249
2020-12-04,0.25922038498580613
2020-12-07,0.233956654151738
2020-12-08,0.23388634650383688
2020-12-09,0.23503033977402
2020-12-10,0.2365067010429194
2020-12-11,0.21652207294784676
2020-12-14,0.21732274512090377
2020-12-15,0.2756386005301097
2020-12-16,0.2752839687937868
2020-12-17,0.27282871735540737
2020-12-18,0.27635568136526745
2020-12-21,0.27803139806941607
2020-12-22,0.28502165211039393
2020-12-23,0.259047760171034
2020-12-24,0.2584937036082549
2020-12-28,0.2775356175724404
2020-12-29,0.2870811937432973
2020-12-30,0.28723902178921745
2020-12-31,0.2755464224569351
2021-01-04,0.2928361525075827
2021-01-05,0.29442417186008474
2021-01-06,0.31992402659066294
2021-01-07,0.33736605641277223
2021-01-08,0.33787847794068965
2021-01-11,0.3400653533005069
2021-01-12,0.3387438390544428
2021-01-13,0.34034659546505514
2021-01-14,0.3452299024896714
2021-01-15,0.3036844245747797
2021-01-19,0.3042788089957726
2021-01-20,0.32412295354569587
2021-01-21,0.3395521966204225
2021-01-22,0.34094604635617287
2021-01-25,0.34025271052340955
2021-01-26,0.3380314488635512
2021-01-27,0.3403675209119179
2021-01-28,0.3446812383714536
2021-01-29,0.3661793165275296
2021-02-01,0.3697685810183978
2021-02-02,0.3690861334059066
2021-02-03,0.35868643763009006
2021-02-04,0.3665329567861915
2021-02-05,0.3430566356870243
2021-02-08,0.32509505534969957
2021-02-09,0.3256915203877319
2021-02-10,0.31388779393284777
2021-02-11,0.31397664493666316
2021-02-12,0.31000770673451494
2021-02-16,0.3106994319002377
2021-02-17,0.3134495081887112
2021-02-18,0.31508112219529893
2021-02-19,0.2930078759998101
2021-02-22,0.2766516195578213
2021-02-23,0.26741262111651204
2021-02-24,0.24047653215641898
2021-02-25,0.2582329249193946
2021-02-26,0.2605544316847438
2021-03-01,0.3172317924545263
2021-03-02,0.2993516716516597
2021-03-03,0.30055625200245695
2021-03-04,0.3005247606775724
2021-03-05,0.30540545849379624
2021-03-08,0.3107426032873266
2021-03-09,0.3528759288777657
2021-03-10,0.3522324846977107
2021-03-11,0.3607545925758183
2021-03-12,0.36087072073806997
2021-03-15,0.37506967372548944
2021-03-16,0.37903610505492
2021-03-17,0.37639409010953706
2021-03-18,0.3884724591960184
2021-03-19,0.38806238292088613
2021-03-22,0.40321744270336873
2021-03-23,0.3910340110931101
2021-03-24,0.396511231730835
2021-03-25,0.3969800485588183
2021-03-26,0.378524860155806
2021-03-29,0.3784870753300854
2021-03-30,0.32637573230467903
2021-03-31,0.32762937427929534
2021-04-01,0.31712300886992706
2021-04-05,0.32084032051497935
2021-04-06,0.3194181513377205
2021-04-07,0.27885253695170586
2021-04-08,0.25266402227129403
2021-04-09,0.2544219899139463
2021-04-12,0.25836410739412086
2021-04-13,0.2644524192876816
2021-04-14,0.26613195311454385
2021-04-15,0.26962596004658046
2021-04-16,0.2681560947258542
2021-04-19,0.23086526052280734
2021-04-20,0.23712108363278692
2021-04-21,0.22151707390457748
2021-04-22,0.22504204187078497
2021-04-23,0.212999070956206
2021-04-26,0.21312761257781673
2021-04-27,0.21484813224643526
2021-04-28,0.21795645508735492
2021-04-29,0.21019391695233092
2021-04-30,0.21537693895759843
2021-05-03,0.21566829893933237
2021-05-04,0.24212479482579333
2021-05-05,0.24208846196786596
2021-05-06,0.24171208116840096
2021-05-07,0.23298566923368874
2021-05-10,0.2374483468496673
2021-05-11,0.23483973172104375
2021-05-12,0.2277484719890597
2021-05-13,0.2342145819367663
2021-05-14,0.23553654591068035
2021-05-17,0.23674276883463907
2021-05-18,0.23674749645807708
2021-05-19,0.23436360794486816
2021-05-20,0.24802481568780105
2021-05-21,0.24975533367917788
2021-05-24,0.24542862055245207
2021-05-25,0.24466967911286508
2021-05-26,0.24479438713924204
2021-05-27,0.24690945743461515
2021-05-28,0.24692945024145319
2021-06-01,0.24300239212076485
2021-06-02,0.2420180284109288
2021-06-03,0.21409862909858465
2021-06-04,0.2253978263150588
2021-06-07,0.22007491484715722
2021-06-08,0.2206304340304969
2021-06-09,0.20192841771912162
2021-06-10,0.20222980219404707
2021-06-11,0.18281022624855686
2021-06-14,0.19145429268987976
2021-06-15,0.18223134576411398
2021-06-16,0.178684546672077
2021-06-17,0.1763271715137113
2021-06-18,0.18136381732688137
2021-06-21,0.17376375577978936
2021-06-22,0.16648607326984727
2021-06-23,0.1632109757251767
2021-06-24,0.1634094209309664
2021-06-25,0.163939516036172
2021-06-28,0.15837492101709594
2021-06-29,0.15721954293708706
2021-06-30,0.1551535866863453
2021-07-01,0.1552568308971889
2021-07-02,0.1512736221318485
2021-07-06,0.1472891938315515
2021-07-07,0.15150067052226626
2021-07-08,0.16114062126660295
2021-07-09,0.16264323434162153
2021-07-12,0.15887935104355952
2021-07-13,0.15851567401681277
2021-07-14,0.15783586605350214
2021-07-15,0.1559693979541024
2021-07-16,0.17145275212517888
2021-07-19,0.20305760212285298
2021-07-20,0.2103001381457518
2021-07-21,0.21094692908320317
2021-07-22,0.20972487675178028
2021-07-23,0.2098687541529333
2021-07-26,0.20838242320923206
2021-07-27,0.21855984594029937
2021-07-28,0.22417720580729147
2021-07-29,0.2223669608105999
2021-07-30,0.22238528525876705
2021-08-02,0.2231700876025531
2021-08-03,0.2178434897641713
2021-08-04,0.21392237796946817
2021-08-05,0.20560353331891257
2021-08-06,0.20342375755573483
2021-08-09,0.19874706870403414
2021-08-10,0.19851714220344346
2021-08-11,0.19677556004141772
2021-08-12,0.191965407158087
2021-08-13,0.1912903482047785
2021-08-16,0.18898246395414478
2021-08-17,0.16105944862668425
2021-08-18,0.16574565837631222
2021-08-19,0.16473738308834476
2021-08-20,0.16511378736111368
2021-08-23,0.16370800971134764
2021-08-24,0.16350864206740034
2021-08-25,0.15733184374247194
2021-08-26,0.1520898691184888
2021-08-27,0.15314546944476323
2021-08-30,0.18384322701210037
2021-08-31,0.18702464323049722
2021-09-01,0.18336061779989915
2021-09-02,0.18359317150955812
2021-09-03,0.1836281485282748
2021-09-07,0.18700616401788583
2021-09-08,0.19242245745248313
2021-09-09,0.19414277372903505
2021-09-10,0.23056470947560354
2021-09-13,0.219575067383164
2021-09-14,0.22215198288317145
2021-09-15,0.21780845589250405
2021-09-16,0.2169083961243884
2021-09-17,0.20767953095953756
2021-09-20,0.22014979911495738
2021-09-21,0.21700919406623762
2021-09-22,0.22264824851577547
2021-09-23,0.22431309345382672
2021-09-24,0.22262251782053996
2021-09-27,0.22475832427524695
2021-09-28,0.23654107786641976
2021-09-29,0.20790013930385512
2021-09-30,0.2082021941394097
2021-10-01,0.21028557898831304
2021-10-04,0.21914892380943615
2021-10-05,0.22676770006081295
2021-10-06,0.2188409533073638
2021-10-07,0.22281057406821092
2021-10-08,0.22255472525632006
2021-10-11,0.1947994384839353
2021-10-12,0.19510068048941503
2021-10-13,0.19355742878039012
2021-10-14,0.2069812924777126
2021-10-15,0.20939168780984643
2021-10-18,0.20426338030397023
2021-10-19,0.19448322639251694
2021-10-20,0.1944770942384173
2021-10-21,0.18677314057725433
2021-10-22,0.18696309479469167
2021-10-25,0.18699539836434512
2021-10-26,0.18290616474087912
2021-10-27,0.1596486272923281
2021-10-28,0.17758904046892027
2021-10-29,0.18779251707316677
2021-11-01,0.18889325081979447
2021-11-02,0.16242914914591644
2021-11-03,0.15954873277301962
2021-11-04,0.16093340191553301
2021-11-05,0.15941955469491864
2021-11-08,0.1609282678027489
2021-11-09,0.16050952173349478
2021-11-10,0.17313117006106118
2021-11-11,0.17181432438410438
2021-11-12,0.16521043017666917
2021-11-15,0.1641715912449968
2021-11-16,0.1611580112262365
2021-11-17,0.16271662072824963
2021-11-18,0.18759543080405125
2021-11-19,0.1937884727928308
2021-11-22,0.19114202107340492
2021-11-23,0.19060268060918992
2021-11-24,0.19061212168141106
2021-11-26,0.22637745465125295
2021-11-29,0.2227293751232756
2021-11-30,0.23108292093905797
2021-12-01,0.22985746286914457
2021-12-02,0.2328698903571492
2021-12-03,0.2383993138599033
2021-12-06,0.24501764507526885
2021-12-07,0.2673292131338798
2021-12-08,0.2698598193331814
2021-12-09,0.27175756225109027
2021-12-10,0.2632563881168606
2021-12-13,0.2815029136721305
2021-12-14,0.2861844209693485
2021-12-15,0.2939310020216463
2021-12-16,0.33772575288299767
2021-12-17,0.33855387877561666
2021-12-20,0.3307328588699868
2021-12-21,0.33188189513737604
2021-12-22,0.33425377725515554
2021-12-23,0.33419139616221916
2021-12-27,0.34025667117806385
2021-12-28,0.31567416951294813
2021-12-29,0.31128556593151063
2021-12-30,0.2989358823856641
2021-12-31,0.29903448934576954
2022-01-03,0.3054696241768289
2022-01-04,0.30616298446646184
2022-01-05,0.31891797344548745
2022-01-06,0.3025664049721687
2022-01-07,0.2914678718626036
2022-01-10,0.2913526653343991
2022-01-11,0.27988143242543717
2022-01-12,0.2707534476349236
2022-01-13,0.27750391730773016
2022-01-14,0.2578904282619446
2022-01-18,0.2283216741275496
2022-01-19,0.23838377040218997
2022-01-20,0.23931149551041342
2022-01-21,0.23024623870507607
2022-01-24,0.22053351841017865
2022-01-25,0.22023364193664977
2022-01-26,0.19699917746421153
2022-01-27,0.19722948968441303
2022-01-28,0.3272284544819432
2022-01-31,0.34111298698078163
2022-02-01,0.3409608173402507
2022-02-02,0.329459337603905
2022-02-03,0.3314818954698906
2022-02-04,0.31883106670528905
2022-02-07,0.31371130619475734
2022-02-08,0.3200797809565342
2022-02-09,0.3210538608383866
2022-02-10,0.3270442220324413
2022-02-11,0.33376002638141233
2022-02-14,0.3278002313641806
2022-02-15,0.3376167103642306
2022-02-16,0.3305175316526742
2022-02-17,0.3307237576870915
2022-02-18,0.330312177077018
2022-02-22,0.33342267163262485
2022-02-23,0.34564744475913145
2022-02-24,0.34784693896615787
2022-02-25,0.3501522715996474
2022-02-28,0.34972916938391396
2022-03-01,0.2506719731743489
2022-03-02,0.24351615923358552
2022-03-03,0.24348141849425603
2022-03-04,0.24728374899836883
2022-03-07,0.2531591576872446
2022-03-08,0.2545127616797368
2022-03-09,0.2884447147190996
2022-03-10,0.29033912249128757
2022-03-11,0.29387722818600714
2022-03-14,0.2962794709705414
2022-03-15,0.31621203340613996
2022-03-16,0.3357860991848034
2022-03-17,0.32451955711204994
2022-03-18,0.3351775134435187
2022-03-21,0.329682210361782
2022-03-22,0.3362962783976699
2022-03-23,0.3303357201487348
2022-03-24,0.32164274699169665
2022-03-25,0.3184217175067993
2022-03-28,0.31665656454645047
2022-03-29,0.32133370001499334
2022-03-30,0.31872824060856114
2022-03-31,0.32167546730230656
2022-04-01,0.3216311288966154
2022-04-04,0.3202796840005515
2022-04-05,0.3153748521087603
2022-04-06,0.32063401158634114
2022-04-07,0.300677065900458
2022-04-08,0.2857766364816578
2022-04-11,0.28776711781246556
2022-04-12,0.26725123324021605
2022-04-13,0.2556348191907762
2022-04-14,0.26617260945691884
2022-04-18,0.26582589705677956
2022-04-19,0.260535119951193
2022-04-20,0.25920269661144896
2022-04-21,0.24911867679765784
2022-04-22,0.2639436581206526
2022-04-25,0.25037827192601647
2022-04-26,0.27552356529755984
2022-04-27,0.27345321072684575
2022-04-28,0.31452702676135064
2022-04-29,0.3341338138930573
2022-05-02,0.33198120882431226
2022-05-03,0.33550684595016467
2022-05-04,0.35812194087470095
2022-05-05,0.3988470898276522
2022-05-06,0.3970308693531256
2022-05-09,0.40909061090164645
2022-05-10,0.41503330270577043
2022-05-11,0.44128366332578123
2022-05-12,0.4427622240649716
2022-05-13,0.4562983521840797
2022-05-16,0.44861611669018236
2022-05-17,0.4612114269430982
2022-05-18,0.4895493355161325
2022-05-19,0.4923339039109428
2022-05-20,0.49352897944281776
2022-05-23,0.5156116687163
2022-05-24,0.5158474812390738
2022-05-25,0.5039415494339947
2022-05-26,0.5130682612770425
2022-05-27,0.5080159601169604
2022-05-31,0.4938385961380246
2022-06-01,0.493634638192145
2022-06-02,0.4964489774603798
2022-06-03,0.4860133804974494
2022-06-06,0.4517633113961231
2022-06-07,0.4566606313687314
2022-06-08,0.4428462893799149
2022-06-09,0.45419010972744006
2022-06-10,0.4384713696657194
2022-06-13,0.4480361431441045
2022-06-14,0.43124019381651263
2022-06-15,0.43882613805850923
2022-06-16,0.4434899836829251
2022-06-17,0.4074560913685072
2022-06-21,0.41729816202622866
2022-06-22,0.417419646624582
2022-06-23,0.3992573886880486
2022-06-24,0.4032987921863595
2022-06-27,0.40330419156160713
2022-06-28,0.40779509536715924
2022-06-29,0.38179133440358726
2022-06-30,0.3852227240985744
2022-07-01,0.39130104536861554
2022-07-05,0.3927152493149526
2022-07-06,0.37244379552023743
2022-07-07,0.3816736735155672
2022-07-08,0.3769233500183516
2022-07-11,0.37996459114765163
2022-07-12,0.35827341364642
2022-07-13,0.328128072675076
2022-07-14,0.29653200193645946
2022-07-15,0.2971651954074012
2022-07-18,0.3062682228230814
2022-07-19,0.27104542533897386
2022-07-20,0.2715229559516204
2022-07-21,0.2572255763029135
2022-07-22,0.25981309755804183
2022-07-25,0.25775944660102046
2022-07-26,0.2516612969248373
2022-07-27,0.2729534473134816
2022-07-28,0.2421248265037452
2022-07-29,0.25792995892706333
2022-08-01,0.24612333312330345
2022-08-02,0.25132666516180296
2022-08-03,0.27113630681216716
2022-08-04,0.2730978223892945
2022-08-05,0.26757068878735757
2022-08-08,0.26933788048084095
2022-08-09,0.25983226084165434
2022-08-10,0.2687565138050521
2022-08-11,0.2697092009423819
2022-08-12,0.2703126238831053
2022-08-15,0.26989419820125976
2022-08-16,0.25251500655676545
2022-08-17,0.24319209757619772
2022-08-18,0.24410458351589456
2022-08-19,0.25273424232893843
2022-08-22,0.26728461626113537
2022-08-23,0.2649859920080583
2022-08-24,0.2607988935539731
2022-08-25,0.24134217506031513
2022-08-26,0.2813821620172583
2022-08-29,0.2629162849252166
2022-08-30,0.2674286217404866
2022-08-31,0.268021944643474
2022-09-01,0.2290635554564167
2022-09-02,0.2324182707490857
2022-09-06,0.23310194730673525
2022-09-07,0.2370121216675274
2022-09-08,0.23800450949830665
2022-09-09,0.2277784042031542
2022-09-12,0.26990227898733593
2022-09-13,0.3224087086953661
2022-09-14,0.3240407042030665
2022-09-15,0.327192502869123
2022-09-16,0.3232034651582609
2022-09-19,0.34138474818040443
2022-09-20,0.3470361047205447
2022-09-21,0.3452556389806605
2022-09-22,0.3452915811131083
2022-09-23,0.3466367985720582
2022-09-26,0.3402363209039706
2022-09-27,0.32146829709292996
2022-09-28,0.3210683704821604
2022-09-29,0.35638390648287094
2022-09-30,0.3664865896112879
2022-10-03,0.3865118094086494
2022-10-04,0.3987200972617763
2022-10-05,0.39853524824264674
2022-10-06,0.3965426626944819
2022-10-07,0.412993602090772
2022-10-10,0.4052242792907468
2022-10-11,0.373035856877664
2022-10-12,0.3231019233764091
2022-10-13,0.3465123075250998
2022-10-14,0.3567985546349851
2022-10-17,0.3740210755123565
2022-10-18,0.36328347330496824
2022-10-19,0.3571639364661338
2022-10-20,0.3521562657828342
2022-10-21,0.36693949583130947
2022-10-24,0.3675618147119177
2022-10-25,0.3736272418089642
2022-10-26,0.37946964181794207
2022-10-27,0.3914913885833678
2022-10-28,0.43550219165122966
2022-10-31,0.4236278287222882
2022-11-01,0.42008230674616803
2022-11-02,0.4337144430527614
2022-11-03,0.45774087408307895
2022-11-04,0.4574470068894155
2022-11-07,0.43978383918335295
2022-11-08,0.43994964729164904
2022-11-09,0.4537270123773107
2022-11-10,0.5498815181657877
2022-11-11,0.5421719802488972
2022-11-14,0.5292132008122611
2022-11-15,0.5221767301567195
2022-11-16,0.5230786109648199
2022-11-17,0.5243567820945948
2022-11-18,0.5238963800504314
2022-11-21,0.5230661567337066
2022-11-22,0.5230187218186846
2022-11-23,0.5190826206059533
2022-11-25,0.5190665474895357
2022-11-28,0.516137205721175
2022-11-29,0.4420622615971989
2022-11-30,0.47596257654274277
2022-12-01,0.47229098828559285
2022-12-02,0.45298286036137153
2022-12-05,0.425966182943696
2022-12-06,0.43697964243279586
2022-12-07,0.4402346698609393
2022-12-08,0.44180819124015147
2022-12-09,0.42410575219337693
2022-12-12,0.29246424904295515
2022-12-13,0.2848666623243894
2022-12-14,0.2878361911345821
2022-12-15,0.323182587163979
2022-12-16,0.32488566807719155
2022-12-19,0.32058713228654445
2022-12-20,0.31928026614388944
2022-12-21,0.33014617378173455
2022-12-22,0.3296066181069942
2022-12-23,0.32705884793863893
2022-12-27,0.3247125073725124
2022-12-28,0.328530760044053
2022-12-29,0.3444659838186342
2022-12-30,0.28852155529555
2023-01-03,0.3064766191265125
2023-01-04,0.3126317760905771
2023-01-05,0.3128408065615044
2023-01-06,0.340668955756817
2023-01-09,0.3401020002372037
2023-01-10,0.3366595873904511
2023-01-11,0.3476743643744936
2023-01-12,0.3407953760591096
2023-01-13,0.34226542435305596
2023-01-17,0.3417682028798851
2023-01-18,0.3013857676494483
2023-01-19,0.29686436406442
2023-01-20,0.29743640076966105
2023-01-23,0.3062691692718044
2023-01-24,0.2982401518920022
2023-01-25,0.2839688155609604
2023-01-26,0.28558688628570666
2023-01-27,0.2793197061385014
2023-01-30,0.26392329929040886
2023-01-31,0.25168630267294717
2023-02-01,0.2516354595054472
2023-02-02,0.22214669808939919
2023-02-03,0.22842904190344912
2023-02-06,0.23785409939643556
2023-02-07,0.21941253269252406
2023-02-08,0.23716938869919585
2023-02-09,0.24222184174834127
2023-02-10,0.2370507067368034
2023-02-13,0.2396904494544107
2023-02-14,0.24246720576307057
2023-02-15,0.24377378448522025
2023-02-16,0.24749393585323867
2023-02-17,0.2513987427118956
2023-02-21,0.27039569224642357
2023-02-22,0.2606755336683131
2023-02-23,0.2593391457003221
2023-02-24,0.267910922464547
2023-02-27,0.26484983285033037
2023-02-28,0.2615459215608133
2023-03-01,0.25644366442397615
2023-03-02,0.2550623200600244
2023-03-03,0.2807906006187734
2023-03-06,0.25807766887378963
2023-03-07,0.24891717119626264
2023-03-08,0.24259237845153184
2023-03-09,0.23822699926926427
2023-03-10,0.23526052894236266
2023-03-13,0.239123262518976
2023-03-14,0.24394259708736288
2023-03-15,0.23500812323622686
2023-03-16,0.24328195364972388
2023-03-17,0.23948561876840174
2023-03-20,0.2420667416668405
2023-03-21,0.2425673893944544
2023-03-22,0.22308827541506449
2023-03-23,0.22350888705259006
2023-03-24,0.2242085964508393
2023-03-27,0.21811547455138333
2023-03-28,0.21902185386864798
2023-03-29,0.22494422454912338
2023-03-30,0.21529031291307005
2023-03-31,0.21812130183120693
2023-04-03,0.19092968686766185
2023-04-04,0.18577666480388128
2023-04-05,0.1821395152553902
2023-04-06,0.18148811144877516
2023-04-10,0.18287972532077076
2023-04-11,0.17651326396729317
2023-04-12,0.17522495804598445
2023-04-13,0.20272053162367829
2023-04-14,0.20377815561062163
2023-04-17,0.19664114854639975
2023-04-18,0.19485394228977657
2023-04-19,0.19042467378586916
2023-04-20,0.18995137879681306
2023-04-21,0.1904741564165529
2023-04-24,0.18967988135544592
2023-04-25,0.19212920659191496
2023-04-26,0.18595496867191125
2023-04-27,0.2062371334339146
2023-04-28,0.19804485302094282
2023-05-01,0.19652576880382977
2023-05-02,0.19214049933936203
2023-05-03,0.19228426555854986
2023-05-04,0.19525569886827074
2023-05-05,0.24911890926260452
2023-05-08,0.2491794112441728
2023-05-09,0.2443617073709594
2023-05-10,0.24258293805402342
2023-05-11,0.2410183960700562
2023-05-12,0.21647884448838076
2023-05-15,0.2166892502960775
2023-05-16,0.2167034963193727
2023-05-17,0.21589425750078078
2023-05-18,0.21909818977042259
2023-05-19,0.2172350355041266
2023-05-22,0.21466051447203924
2023-05-23,0.22344442528301894
2023-05-24,0.21961281459413048
2023-05-25,0.21988633662135637
2023-05-26,0.20389324483890942
2023-05-30,0.20522567656603208
2023-05-31,0.20518523621450468
2023-06-01,0.20807971254041865
2023-06-02,0.205047510330408
2023-06-05,0.20321997622159724
2023-06-06,0.13056400358975415
2023-06-07,0.13442851877770196
2023-06-08,0.13648557909599424
2023-06-09,0.1333969223373382
2023-06-12,0.14130948309080468
2023-06-13,0.1395815276317808
2023-06-14,0.1379742534659331
2023-06-15,0.14011811926742596
2023-06-16,0.14402601325927666
2023-06-20,0.13923348636367966
2023-06-21,0.14208421449571948
2023-06-22,0.14711448142709943
2023-06-23,0.13235434797679002
2023-06-26,0.13817648299649302
2023-06-27,0.14345505860112062
2023-06-28,0.13903080805556875
2023-06-29,0.1367752496590193
2023-06-30,0.15231161774833676
2023-07-03,0.15163956061551195
2023-07-05,0.15471005602262822
2023-07-06,0.15014738781063292
2023-07-07,0.1524032764417345
2023-07-10,0.15550663934635525
2023-07-11,0.14960792895943442
2023-07-12,0.15156453735998288
2023-07-13,0.1438443959353267
2023-07-14,0.14302302727495111
2023-07-17,0.15261952988375996
2023-07-18,0.1498509885070098
2023-07-19,0.14801037167641268
2023-07-20,0.15431774290480424
2023-07-21,0.15463512886143702
2023-07-24,0.14576114911735474
2023-07-25,0.1456372448065228
2023-07-26,0.14184968482102417
2023-07-27,0.1371614240516046
2023-07-28,0.14260803102135966
2023-07-31,0.14270258173854106
2023-08-01,0.12089217834651216
2023-08-02,0.13008522610543716
2023-08-03,0.1310125155695877
2023-08-04,0.21118243046322535
2023-08-07,0.21712455789882956
2023-08-08,0.21693469560427528
2023-08-09,0.21819836163956569
2023-08-10,0.21427013641328577
2023-08-11,0.2131186404416255
2023-08-14,0.2171640771073961
2023-08-15,0.2061982125968523
2023-08-16,0.20597140319875362
2023-08-17,0.20459841198813314
2023-08-18,0.20566365583088733
2023-08-21,0.20998852181955988
2023-08-22,0.2121855665502573
2023-08-23,0.2287801167467582
2023-08-24,0.24044763926903648
2023-08-25,0.24744253642396852
2023-08-28,0.243893524314176
2023-08-29,0.2586846275201987
2023-08-30,0.2696230086653648
2023-08-31,0.2650822754334494
2023-09-01,0.2659622879872291
2023-09-05,0.20131471418807215
2023-09-06,0.23173928208063038
2023-09-07,0.25394310627931593
2023-09-08,0.2523212477170054
2023-09-11,0.25323145168210653
2023-09-12,0.2604894600960687
2023-09-13,0.2609551222428396
2023-09-14,0.2605675194115285
2023-09-15,0.2604021827164198
2023-09-18,0.26150096592945915
2023-09-19,0.2620214052352249
2023-09-20,0.27097957406205303
2023-09-21,0.2710868950064746
2023-09-22,0.2592858046782349
2023-09-25,0.2448124103244298
2023-09-26,0.253116809149042
2023-09-27,0.2512729889803784
2023-09-28,0.2358699680938977
2023-09-29,0.22258523399175908
2023-10-02,0.23163652431705312
2023-10-03,0.22776793717282987
2023-10-04,0.23060068489295144
2023-10-05,0.2025238900364178
2023-10-06,0.1846303988681998
2023-10-09,0.18658569636418046
2023-10-10,0.18551119153037923
2023-10-11,0.17686603365934597
2023-10-12,0.17098946859414857
2023-10-13,0.17391956042296777
2023-10-16,0.1730696728831119
2023-10-17,0.16615924067322196
2023-10-18,0.16627875630268998
2023-10-19,0.1511499395718503
2023-10-20,0.15671548148702835
2023-10-23,0.15563108615737783
2023-10-24,0.1534536698033461
2023-10-25,0.13803115577866126
2023-10-26,0.15954663749385523
2023-10-27,0.16234359878878526
2023-10-30,0.16806299032020172
2023-10-31,0.15944904654100928
2023-11-01,0.17083276839293518
2023-11-02,0.18339685255082222
2023-11-03,0.18324483045590337
2023-11-06,0.18310336507902433
2023-11-07,0.18750107776725022
2023-11-08,0.18764543367847586
2023-11-09,0.18648461902552188
2023-11-10,0.20175527188877662
2023-11-13,0.20056747992810262
2023-11-14,0.2049739047453812
2023-11-15,0.20088645963057095
2023-11-16,0.19824635388720513
2023-11-17,0.1975997276269152
2023-11-20,0.18635986941704424
2023-11-21,0.18856125653625896
2023-11-22,0.18844707961875964
2023-11-24,0.18172867308799218
2023-11-27,0.14839247952642823
2023-11-28,0.14861091201697704
2023-11-29,0.15180598207744334
2023-11-30,0.15176061268326332
2023-12-01,0.14375111993015452
2023-12-04,0.13914829219647212
2023-12-05,0.1486468047985262
2023-12-06,0.14776756661963591
2023-12-07,0.14444676519228467
2023-12-08,0.14489257318267304
2023-12-11,0.1543196036322941
2023-12-12,0.13699308483628989
2023-12-13,0.14006806432599958
2023-12-14,0.13444793440629302
2023-12-15,0.13572754745471657
2023-12-18,0.13848822776365557
2023-12-19,0.13895163905371247
2023-12-20,0.14264755096864656
2023-12-21,0.14158745455666075
2023-12-22,0.1430615992229332
2023-12-26,0.1409829677881083
2023-12-27,0.14084496900000515
2023-12-28,0.14067960690809214
2023-12-29,0.1406877112640332
2024-01-02,0.18898219498750382
2024-01-03,0.1880123076617998
2024-01-04,0.1900183314902058
2024-01-05,0.17078693819369833
2024-01-08,0.19464442620876582
2024-01-09,0.1898782018711584
2024-01-10,0.18885826171195752
2024-01-11,0.18493137398306025
2024-01-12,0.18204767105894307
2024-01-16,0.17168978013327205
2024-01-17,0.17105789764756094
2024-01-18,0.21252029815665885
2024-01-19,0.21961271029737103
2024-01-22,0.22331776141872167
2024-01-23,0.22155183726930436
2024-01-24,0.22189740022418986
2024-01-25,0.2210731091771109
2024-01-26,0.22317799620763992
2024-01-29,0.2234962852787386
2024-01-30,0.23267913425494524
2024-01-31,0.240675074090091
2024-02-01,0.21210271392272867
2024-02-02,0.2112483748046191
2024-02-05,0.2079149392244303
2024-02-06,0.20825112487850247
2024-02-07,0.19226555260952152
2024-02-08,0.19340022604237378
2024-02-09,0.1929847747108561
2024-02-12,0.19552669903058684
2024-02-13,0.19966226462206235
2024-02-14,0.1955203049975374
2024-02-15,0.19465399025778973
2024-02-16,0.15768128566074216
2024-02-20,0.14510498215493237
2024-02-21,0.1374100763350221
2024-02-22,0.14223725096784126
2024-02-23,0.1445351622377219
2024-02-26,0.14529290531932967
2024-02-27,0.1487273310364529
2024-02-28,0.14940880222081324
2024-02-29,0.13664739285589117
2024-03-01,0.12207511219625629
2024-03-04,0.1369471895161273
2024-03-05,0.16285493801503612
2024-03-06,0.15480906878741355
2024-03-07,0.1477890782697045
2024-03-08,0.15616571126509024
2024-03-11,0.1663944951697361
2024-03-12,0.16565029591608943
2024-03-13,0.16717148556895212
2024-03-14,0.17292411532247542
2024-03-15,0.17284342907323325
2024-03-18,0.17584551983610808
2024-03-19,0.18309746965905144
2024-03-20,0.19125754790852026
2024-03-21,0.2353441493651237
2024-03-22,0.23174016091745958
2024-03-25,0.2311656936526051
2024-03-26,0.23099409881226168
2024-03-27,0.24307670148355415
2024-03-28,0.244321453354414
2024-04-01,0.24515400430174156
2024-04-02,0.24533803720862637
2024-04-03,0.2323274833624903
2024-04-04,0.21115070736726113
2024-04-05,0.21074445082980633
2024-04-08,0.21207834256265745
2024-04-09,0.21049266223349294
2024-04-10,0.2089677340046888
2024-04-11,0.259828328570187
2024-04-12,0.2569300022992433
2024-04-15,0.2668654939808152
2024-04-16,0.27501551637877525
2024-04-17,0.27487088864261316
2024-04-18,0.26965010684472057
2024-04-19,0.2642382958313083
2024-04-22,0.22820224052145663
2024-04-23,0.2286370910179019
2024-04-24,0.23221227331457425
2024-04-25,0.23180642493476128
2024-04-26,0.2189629652835669
2024-04-29,0.2333601459476871
2024-04-30,0.24055685711440986
2024-05-01,0.24022073034902683
2024-05-02,0.2514968924320435
2024-05-03,0.3221698676436059
2024-05-06,0.32540971896110304
2024-05-07,0.32330729749791975
2024-05-08,0.32316230277381547
2024-05-09,0.3191790635411335
2024-05-10,0.2887294264881232
2024-05-13,0.2928596090783208
2024-05-14,0.27890297972217243
2024-05-15,0.2668178761871002
2024-05-16,0.26281679533325264
2024-05-17,0.2602855510467794
2024-05-20,0.25144344369249455
2024-05-21,0.25133258700277145
2024-05-22,0.25652354061395605
2024-05-23,0.27256928304867745
2024-05-24,0.27551404367530313
2024-05-28,0.2743287371755788
2024-05-29,0.2656160754938194
2024-05-30,0.25225428646792214
2024-05-31,0.24863473178530804
2024-06-03,0.24227557141944386
2024-06-04,0.14103389678267914
2024-06-05,0.1349774554518032
2024-06-06,0.14003766221633307
2024-06-07,0.14351564643727477
2024-06-10,0.16165838884439357
2024-06-11,0.2892842523317663
2024-06-12,0.29717251906069014
2024-06-13,0.2971937132488404
2024-06-14,0.30066388586782344
2024-06-17,0.3039340560578614
2024-06-18,0.3092607424892353
2024-06-20,0.32355492058696034
2024-06-21,0.3275842651364642
2024-06-24,0.32500098800112315
2024-06-25,0.3116405116940293
2024-06-26,0.3133805279385521
2024-06-27,0.3127834118480407
2024-06-28,0.3218461075960309
2024-07-01,0.33247881978338895
2024-07-02,0.3342560670966251
2024-07-03,0.33413767231208397
2024-07-05,0.3375971278608292
2024-07-08,0.3376106433948513
2024-07-09,0.33379483430633444
2024-07-10,0.33560403168834047
2024-07-11,0.3400612746556118
2024-07-12,0.24751016595884437
2024-07-15,0.23659348702715122
2024-07-16,0.23677659980138052
2024-07-17,0.2550371723866787
2024-07-18,0.26120356753853946
2024-07-19,0.2571383408531219
2024-07-22,0.2427392650558023
2024-07-23,0.2375850054392131
2024-07-24,0.2632950320471147
2024-07-25,0.26435935724111104
2024-07-26,0.2561689101463068
2024-07-29,0.2559649589556021
2024-07-30,0.24812897094140798
2024-07-31,0.23301130917082752
2024-08-01,0.23431107471122198
2024-08-02,0.23468786631516447
2024-08-05,0.273938291669751
2024-08-06,0.2721599351939846
2024-08-07,0.27707787292752883
2024-08-08,0.2749265214502207
2024-08-09,0.2722445460765955
2024-08-12,0.26879226931587635
2024-08-13,0.2692035100248385
2024-08-14,0.26925395529366997
2024-08-15,0.26137811505385244
2024-08-16,0.2519618463266119
2024-08-19,0.25200087894826256
2024-08-20,0.25199620748930984
2024-08-21,0.25160579295897595
2024-08-22,0.2307651374352428
2024-08-23,0.23153555090919867
2024-08-26,0.23154704473418197
2024-08-27,0.23159001335167484
2024-08-28,0.23367068307644417
2024-08-29,0.23337598908365823
2024-08-30,0.22443757404877301
2024-09-03,0.245936602156349
2024-09-04,0.17451246114570393
2024-09-05,0.16902209699918103
2024-09-06,0.16941268965212428
2024-09-09,0.1615542393667208
2024-09-10,0.15646885301320593
2024-09-11,0.1594205083433808
2024-09-12,0.14837025760259454
2024-09-13,0.14833594361374147
2024-09-16,0.1691483206534728
2024-09-17,0.16749599470836923
2024-09-18,0.18118773039330843
2024-09-19,0.22414817342307947
2024-09-20,0.22445499823427129
2024-09-23,0.22413432207940773
2024-09-24,0.22171572183564073
2024-09-25,0.22222218162201626
2024-09-26,0.22256018136446337
2024-09-27,0.22122596589786048
2024-09-30,0.22965143338294458
2024-10-01,0.2517681074628672
2024-10-02,0.2322906020886421
2024-10-03,0.23071020596440325
2024-10-04,0.23019736741882518
2024-10-07,0.2429572183346035
2024-10-08,0.2509264193477464
2024-10-09,0.25587623477641636
2024-10-10,0.25389777798817015
2024-10-11,0.2553894232770935
2024-10-14,0.26064078104269817
2024-10-15,0.23855451292754865
2024-10-16,0.24254012756391938
2024-10-17,0.23660495372120233
2024-10-18,0.20439006987361855
2024-10-21,0.20446222731084343
2024-10-22,0.20231247670601196
2024-10-23,0.218010461921522
2024-10-24,0.21728799879254013
2024-10-25,0.21700192274016275
2024-10-28,0.2186397175133741
2024-10-29,0.20403395640680286
2024-10-30,0.18352056090590838
2024-10-31,0.19487835230627035
2024-11-01,0.19957968106556462
2024-11-04,0.19888721968403822
2024-11-05,0.18404602614733329
2024-11-06,0.17233277442930622
2024-11-07,0.1788773029148602
2024-11-08,0.1787839637035606
2024-11-11,0.18218255792582713
2024-11-12,0.1713556839857399
2024-11-13,0.16660282561926276
2024-11-14,0.17269494029969776
2024-11-15,0.17861448077898281
2024-11-18,0.17975827813984055
2024-11-19,0.17788193204323852
2024-11-20,0.17857429829365312
2024-11-21,0.16266498551149172
2024-11-22,0.1640893251257282
2024-11-25,0.16988507029429653
2024-11-26,0.1703963506281561
2024-11-27,0.1704092690803152
2024-11-29,0.16367610932894194
2024-12-02,0.14896545615842566
2024-12-03,0.14040765955382847
2024-12-04,0.1376319424336906
2024-12-05,0.1381813377913805
2024-12-06,0.13679231404156564
2024-12-09,0.12948556151448623
2024-12-10,0.12812274674768817
2024-12-11,0.11904224759342215
2024-12-12,0.11796164882914477
2024-12-13,0.11880825892585872
2024-12-16,0.11703471640415433
2024-12-17,0.09639336125521121
2024-12-18,0.130721841058102
2024-12-19,0.13065826389810736
2024-12-20,0.13982541041781818
2024-12-23,0.13761569720706163
2024-12-24,0.13925792316472813
2024-12-26,0.13676771749514754
2024-12-27,0.1497080988377188
2024-12-30,0.16069098143267005
2024-12-31,0.1626326085981486
